{
  "resources": [
    "audioAssets.ogg",
    "audioAssets.m4a",
    "audioAssets.mp3",
    "audioAssets.ac3"
  ],
  "spritemap": {
    "airFilled": {
      "start": 0,
      "end": 52.06204081632653,
      "loop": false
    },
    "boof2": {
      "start": 54,
      "end": 54.20607709750567,
      "loop": false
    },
    "boof": {
      "start": 56,
      "end": 57.85759637188209,
      "loop": false
    },
    "burnBaby": {
      "start": 59,
      "end": 60.37578231292517,
      "loop": false
    },
    "button": {
      "start": 66,
      "end": 66.35845804988662,
      "loop": false
    },
    "click": {
      "start": 68,
      "end": 68.17995464852608,
      "loop": false
    },
    "Death-bug-alien": {
      "start": 70,
      "end": 71.04489795918367,
      "loop": false
    },
    "Death-digi": {
      "start": 73,
      "end": 73.38489795918368,
      "loop": false
    },
    "Death-piggy": {
      "start": 75,
      "end": 75.7677097505669,
      "loop": false
    },
    "Death-sheepi": {
      "start": 77,
      "end": 77.38473922902494,
      "loop": false
    },
    "GameStart": {
      "start": 79,
      "end": 85.03718820861678,
      "loop": false
    },
    "littleBurp": {
      "start": 87,
      "end": 87.48761904761905,
      "loop": false
    },
    "PlayerDamage": {
      "start": 89,
      "end": 89.65532879818593,
      "loop": false
    },
    "record1": {
      "start": 91,
      "end": 101.05269841269842,
      "loop": false
    },
    "record2": {
      "start": 103,
      "end": 115.849410430839,
      "loop": false
    },
    "record3": {
      "start": 117,
      "end": 134.38657596371883,
      "loop": false
    },
    "record4": {
      "start": 136,
      "end": 153.50784580498868,
      "loop": false
    },
    "record5": {
      "start": 155,
      "end": 232.6847619047619,
      "loop": false
    },
    "shot1": {
      "start": 234,
      "end": 234.15673469387755,
      "loop": false
    },
    "shot2": {
      "start": 236,
      "end": 236.22131519274376,
      "loop": false
    },
    "steelBreak": {
      "start": 238,
      "end": 238.55215419501133,
      "loop": false
    },
    "walking": {
      "start": 240,
      "end": 241.1958276643991,
      "loop": false
    }
  }
}